{
	"info": {
		"_postman_id": "3c871b23-2b96-4a4b-8fc8-50f714f03e43",
		"name": "Salesforce",
		"schema": "https://schema.getpostman.com/json/collection/v2.1.0/collection.json"
	},
	"item": [
		{
			"name": "Leads",
			"item": [
				{
					"name": "Get the resources",
					"request": {
						"auth": {
							"type": "oauth2",
							"oauth2": [
								{
									"key": "addTokenTo",
									"value": "header",
									"type": "string"
								}
							]
						},
						"method": "GET",
						"header": [],
						"url": {
							"raw": "https://ap16.salesforce.com/services/data/v20.0/sobjects/Lead",
							"protocol": "https",
							"host": [
								"ap16",
								"salesforce",
								"com"
							],
							"path": [
								"services",
								"data",
								"v20.0",
								"sobjects",
								"Lead"
							]
						}
					},
					"response": []
				},
				{
					"name": "Get the resources Copy",
					"request": {
						"auth": {
							"type": "oauth2",
							"oauth2": [
								{
									"key": "addTokenTo",
									"value": "header",
									"type": "string"
								}
							]
						},
						"method": "GET",
						"header": [],
						"url": {
							"raw": "https://ap16.salesforce.com/services/data/v20.0/sobjects",
							"protocol": "https",
							"host": [
								"ap16",
								"salesforce",
								"com"
							],
							"path": [
								"services",
								"data",
								"v20.0",
								"sobjects"
							]
						}
					},
					"response": []
				},
				{
					"name": "Generate oauth token",
					"request": {
						"method": "POST",
						"header": [],
						"body": {
							"mode": "raw",
							"raw": ""
						},
						"url": {
							"raw": "https://login.salesforce.com/services/oauth2/token",
							"protocol": "https",
							"host": [
								"login",
								"salesforce",
								"com"
							],
							"path": [
								"services",
								"oauth2",
								"token"
							]
						}
					},
					"response": []
				},
				{
					"name": "Create lead from postman",
					"request": {
						"method": "POST",
						"header": [],
						"body": {
							"mode": "raw",
							"raw": "{\r\n    \"Company\":\"BM\",\r\n    \"FirstName\":\"Manoj\",\r\n    \"LastName\":\"Patil\"\r\n}",
							"options": {
								"raw": {
									"language": "json"
								}
							}
						},
						"url": {
							"raw": "https://ap16.salesforce.com/services/data/v20.0/sobjects/Lead",
							"protocol": "https",
							"host": [
								"ap16",
								"salesforce",
								"com"
							],
							"path": [
								"services",
								"data",
								"v20.0",
								"sobjects",
								"Lead"
							]
						}
					},
					"response": []
				},
				{
					"name": "Get the resources Copy 2",
					"request": {
						"auth": {
							"type": "oauth2",
							"oauth2": [
								{
									"key": "addTokenTo",
									"value": "header",
									"type": "string"
								}
							]
						},
						"method": "DELETE",
						"header": [],
						"url": {
							"raw": "https://ap16.salesforce.com/services/data/v20.0/sobjects",
							"protocol": "https",
							"host": [
								"ap16",
								"salesforce",
								"com"
							],
							"path": [
								"services",
								"data",
								"v20.0",
								"sobjects"
							]
						}
					},
					"response": []
				}
			]
		},
		{
			"name": "contact",
			"item": [
				{
					"name": "get resources",
					"request": {
						"auth": {
							"type": "oauth2",
							"oauth2": [
								{
									"key": "addTokenTo",
									"value": "header",
									"type": "string"
								}
							]
						},
						"method": "GET",
						"header": [],
						"url": {
							"raw": "https://{{server}}/services/data/v20.0/sobjects/contact",
							"protocol": "https",
							"host": [
								"{{server}}"
							],
							"path": [
								"services",
								"data",
								"v20.0",
								"sobjects",
								"contact"
							]
						}
					},
					"response": []
				},
				{
					"name": "New Request Copy",
					"request": {
						"auth": {
							"type": "oauth2",
							"oauth2": [
								{
									"key": "addTokenTo",
									"value": "header",
									"type": "string"
								}
							]
						},
						"method": "GET",
						"header": [],
						"url": {
							"raw": "https://{{server}}/services/data/v20.0/sobjects/{{module}}",
							"protocol": "https",
							"host": [
								"{{server}}"
							],
							"path": [
								"services",
								"data",
								"v20.0",
								"sobjects",
								"{{module}}"
							]
						}
					},
					"response": []
				},
				{
					"name": "Create contact",
					"event": [
						{
							"listen": "test",
							"script": {
								"exec": [
									"var response = pm.response.json();\r",
									"\r",
									"var id = response.id;\r",
									"\r",
									"pm.globals.set(\"id\",id);\r",
									"\r",
									""
								],
								"type": "text/javascript"
							}
						}
					],
					"protocolProfileBehavior": {
						"disabledSystemHeaders": {}
					},
					"request": {
						"method": "POST",
						"header": [],
						"body": {
							"mode": "raw",
							"raw": "{\r\n    \"FirstName\":\"Manoj\",\r\n    \"LastName\":\"Patil\"\r\n}",
							"options": {
								"raw": {
									"language": "json"
								}
							}
						},
						"url": {
							"raw": "https://{{server}}/services/data/v20.0/sobjects/{{module}}",
							"protocol": "https",
							"host": [
								"{{server}}"
							],
							"path": [
								"services",
								"data",
								"v20.0",
								"sobjects",
								"{{module}}"
							]
						}
					},
					"response": []
				},
				{
					"name": "update contact",
					"request": {
						"method": "PATCH",
						"header": [],
						"body": {
							"mode": "raw",
							"raw": "{\r\n    \"FirstName\":\"Kishor\"\r\n}",
							"options": {
								"raw": {
									"language": "json"
								}
							}
						},
						"url": {
							"raw": "https://{{server}}/services/data/v20.0/sobjects/{{module}}/{{id}}",
							"protocol": "https",
							"host": [
								"{{server}}"
							],
							"path": [
								"services",
								"data",
								"v20.0",
								"sobjects",
								"{{module}}",
								"{{id}}"
							]
						}
					},
					"response": []
				},
				{
					"name": "Delete contact",
					"request": {
						"method": "DELETE",
						"header": [],
						"body": {
							"mode": "urlencoded",
							"urlencoded": [
								{
									"key": "grant_type",
									"value": "password",
									"type": "text",
									"disabled": true
								},
								{
									"key": "client_id",
									"value": "3MVG9fe4g9fhX0E78G.JkSsPzj8oZFknsma6ZpiS1VnPlhxTgw2bs1bD63vag0r5W8C8v8.cnGcNg96KkzTR0",
									"type": "text",
									"disabled": true
								},
								{
									"key": "client_secret",
									"value": "33A4696652C41B96DF7F2695B84F9E105A621020B7D5CE23975ACB4DC188C1EC",
									"type": "text",
									"disabled": true
								},
								{
									"key": "username",
									"value": "hari.radhakrishnan@qeagle.com",
									"type": "text",
									"disabled": true
								},
								{
									"key": "password",
									"value": "Tuna@123",
									"type": "text",
									"disabled": true
								}
							]
						},
						"url": {
							"raw": "https://{{server}}/services/data/v20.0/sobjects/{{module}}/{{id}}",
							"protocol": "https",
							"host": [
								"{{server}}"
							],
							"path": [
								"services",
								"data",
								"v20.0",
								"sobjects",
								"{{module}}",
								"{{id}}"
							]
						}
					},
					"response": []
				}
			]
		},
		{
			"name": "Opportunity",
			"item": [
				{
					"name": "New Request",
					"request": {
						"auth": {
							"type": "oauth2",
							"oauth2": [
								{
									"key": "addTokenTo",
									"value": "header",
									"type": "string"
								}
							]
						},
						"method": "GET",
						"header": [],
						"url": {
							"raw": "https://{{server}}/services/data/v20.0/sobjects/{{module}}",
							"protocol": "https",
							"host": [
								"{{server}}"
							],
							"path": [
								"services",
								"data",
								"v20.0",
								"sobjects",
								"{{module}}"
							]
						}
					},
					"response": []
				},
				{
					"name": "New Request01",
					"event": [
						{
							"listen": "test",
							"script": {
								"exec": [
									"var response = pm.response.json();\r",
									"\r",
									"var id = response.id;\r",
									"\r",
									"pm.globals.set(\"id\",id);\r",
									"\r",
									""
								],
								"type": "text/javascript"
							}
						}
					],
					"request": {
						"auth": {
							"type": "oauth2",
							"oauth2": [
								{
									"key": "addTokenTo",
									"value": "header",
									"type": "string"
								}
							]
						},
						"method": "POST",
						"header": [],
						"body": {
							"mode": "raw",
							"raw": "{\r\n    \"CloseDate\":\"2022-05-18\",\r\n    \"Name\":\"demol\",\r\n    \"StageName\":\"Needs Analysis\"\r\n}",
							"options": {
								"raw": {
									"language": "json"
								}
							}
						},
						"url": {
							"raw": "https://{{server}}/services/data/v20.0/sobjects/{{module}}",
							"protocol": "https",
							"host": [
								"{{server}}"
							],
							"path": [
								"services",
								"data",
								"v20.0",
								"sobjects",
								"{{module}}"
							]
						}
					},
					"response": []
				},
				{
					"name": "New Request02",
					"request": {
						"method": "PATCH",
						"header": [],
						"body": {
							"mode": "raw",
							"raw": "{\r\n    \"CloseDate\":\"2022-05-18\",\r\n    \"Name\":\"demol12\",\r\n    \"StageName\":\"Needs Analysis\"\r\n}",
							"options": {
								"raw": {
									"language": "json"
								}
							}
						},
						"url": {
							"raw": "https://{{server}}/services/data/v20.0/sobjects/opportunity/{{id}}",
							"protocol": "https",
							"host": [
								"{{server}}"
							],
							"path": [
								"services",
								"data",
								"v20.0",
								"sobjects",
								"opportunity",
								"{{id}}"
							]
						}
					},
					"response": []
				},
				{
					"name": "New Request03",
					"request": {
						"method": "DELETE",
						"header": [],
						"body": {
							"mode": "urlencoded",
							"urlencoded": []
						},
						"url": {
							"raw": "https://{{server}}/services/data/v20.0/sobjects/opportunity/{{id}}",
							"protocol": "https",
							"host": [
								"{{server}}"
							],
							"path": [
								"services",
								"data",
								"v20.0",
								"sobjects",
								"opportunity",
								"{{id}}"
							]
						}
					},
					"response": []
				}
			]
		}
	],
	"auth": {
		"type": "oauth2",
		"oauth2": [
			{
				"key": "client_authentication",
				"value": "body",
				"type": "string"
			},
			{
				"key": "clientSecret",
				"value": "33A4696652C41B96DF7F2695B84F9E105A621020B7D5CE23975ACB4DC188C1EC",
				"type": "string"
			},
			{
				"key": "clientId",
				"value": "3MVG9fe4g9fhX0E78G.JkSsPzj8oZFknsma6ZpiS1VnPlhxTgw2bs1bD63vag0r5W8C8v8.cnGcNg96KkzTR0",
				"type": "string"
			},
			{
				"key": "accessTokenUrl",
				"value": "https://login.salesforce.com/services/oauth2/token",
				"type": "string"
			},
			{
				"key": "authUrl",
				"value": "https://login.salesforce.com/services/oauth2/authorize",
				"type": "string"
			},
			{
				"key": "redirect_uri",
				"value": "https://www.getpostman.com/oauth2/callback",
				"type": "string"
			},
			{
				"key": "tokenName",
				"value": "Tokensalesforce",
				"type": "string"
			},
			{
				"key": "addTokenTo",
				"value": "header",
				"type": "string"
			}
		]
	},
	"event": [
		{
			"listen": "prerequest",
			"script": {
				"type": "text/javascript",
				"exec": [
					""
				]
			}
		},
		{
			"listen": "test",
			"script": {
				"type": "text/javascript",
				"exec": [
					""
				]
			}
		}
	],
	"variable": [
		{
			"key": "module",
			"value": "Opportunity",
			"type": "string"
		}
	]
}