{
	"id": "dcf07c10-99bb-4760-814a-073bc06916c5",
	"values": [
		{
			"key": "sys_id_cr",
			"value": "INC",
			"type": "default",
			"enabled": false
		},
		{
			"key": "id",
			"value": "INC",
			"type": "default",
			"enabled": true
		},
		{
			"key": "contact_id",
			"value": "",
			"type": "any",
			"enabled": true
		},
		{
			"key": "contact",
			"value": "",
			"type": "any",
			"enabled": true
		}
	],
	"name": "Globals",
	"_postman_variable_scope": "globals",
	"_postman_exported_at": "2022-05-18T14:03:31.851Z",
	"_postman_exported_using": "Postman/9.18.2"
}